{"cameraMode":{"drawMode":0,"name":"Shaded","section":"Shading Mode"},"sceneLighting":false,"audioPlay":false,"sceneViewState":{"showFog":true,"showMaterialUpdate":false,"showSkybox":false,"showFlares":true,"showImageEffects":true,"showParticleSystems":true,"showVisualEffectGraphs":true,"m_FxEnabled":true},"in2DMode":false,"pivot":{"x":-0.000003337860107421875,"y":1.3359527587890626,"z":-2.619997024536133},"rotation":{"x":-0.12069176137447357,"y":-0.6620922088623047,"z":0.10923480242490769,"w":-0.7315452098846436},"size":2.1159613132476808,"orthographic":false}