{"cameraMode":{"drawMode":0,"name":"Shaded","section":"Shading Mode"},"sceneLighting":false,"audioPlay":false,"sceneViewState":{"showFog":true,"showMaterialUpdate":false,"showSkybox":false,"showFlares":true,"showImageEffects":true,"showParticleSystems":true,"showVisualEffectGraphs":true,"m_FxEnabled":true},"in2DMode":false,"pivot":{"x":-0.3999999761581421,"y":0.050000011920928958,"z":-0.3999999761581421},"rotation":{"x":-0.07206181436777115,"y":-0.37959331274032595,"z":0.029672732576727868,"w":-0.9218785166740418},"size":1.1000596284866334,"orthographic":false}