{"cameraMode":{"drawMode":0,"name":"Shaded","section":"Shading Mode"},"sceneLighting":false,"audioPlay":false,"sceneViewState":{"showFog":true,"showMaterialUpdate":false,"showSkybox":false,"showFlares":true,"showImageEffects":true,"showParticleSystems":true,"showVisualEffectGraphs":true,"m_FxEnabled":true},"in2DMode":false,"pivot":{"x":1.880000114440918,"y":0.9163790941238403,"z":-1.2899998426437379},"rotation":{"x":-0.07206181436777115,"y":-0.37959331274032595,"z":0.029672732576727868,"w":-0.9218785166740418},"size":0.6588806509971619,"orthographic":false}