{"cameraMode":{"drawMode":0,"name":"Shaded","section":"Shading Mode"},"sceneLighting":false,"audioPlay":false,"sceneViewState":{"showFog":true,"showMaterialUpdate":false,"showSkybox":false,"showFlares":true,"showImageEffects":true,"showParticleSystems":true,"showVisualEffectGraphs":true,"m_FxEnabled":true},"in2DMode":false,"pivot":{"x":-5.394277572631836,"y":-1.4161062240600587,"z":1.8633021116256714},"rotation":{"x":0.050175607204437259,"y":-0.08738092333078385,"z":-0.004407776519656181,"w":-0.9949095845222473},"size":0.866025447845459,"orthographic":false}